<?xml version="1.0" encoding="UTF-8"?>
<con:soapui-project id="bd49fd02-b302-4838-8a60-64fa1721f8d6" activeEnvironment="Default" name="projectmedicareSupplier" resourceRoot="" soapui-version="5.2.1" xmlns:con="http://eviware.com/soapui/config"><con:settings/><con:interface xsi:type="con:WsdlInterface" id="caba87be-ba3d-48f8-94ce-d80fe6da1308" wsaVersion="NONE" name="MediCareSupplierSoap" type="wsdl" bindingName="{http://www.webservicex.net/}MediCareSupplierSoap" soapVersion="1_1" anonymous="optional" definition="http://www.webservicex.net/medicareSupplier.asmx?WSDL" xmlns:xsi="http://www.w3.org/2001/XMLSchema-instance"><con:settings/><con:definitionCache type="TEXT" rootPart="http://www.webservicex.net/medicareSupplier.asmx?WSDL"><con:part><con:url>http://www.webservicex.net/medicareSupplier.asmx?WSDL</con:url><con:content><![CDATA[<wsdl:definitions targetNamespace="http://www.webservicex.net/" xmlns:tm="http://microsoft.com/wsdl/mime/textMatching/" xmlns:soapenc="http://schemas.xmlsoap.org/soap/encoding/" xmlns:mime="http://schemas.xmlsoap.org/wsdl/mime/" xmlns:tns="http://www.webservicex.net/" xmlns:soap="http://schemas.xmlsoap.org/wsdl/soap/" xmlns:s="http://www.w3.org/2001/XMLSchema" xmlns:soap12="http://schemas.xmlsoap.org/wsdl/soap12/" xmlns:http="http://schemas.xmlsoap.org/wsdl/http/" xmlns:wsdl="http://schemas.xmlsoap.org/wsdl/">
  <wsdl:documentation>This section provides names, addresses, and contact information for suppliers that provide services or products under the Medicare program. A supplier is an individual or entity that has agreed to provide health care equipment, items, or services under Medicare. A supplier may provide items such as: Durable Medical Equipment (wheelchairs, walkers, oxygen), Prosthetics (artificial limb replacements or dentures) or Orthotics (mechanical devices used to assist in mobility or supplement the joints and limbs). In addition, a type of supplier can also be Pharmacy/Drug Stores and Optometry/Opticians.This Supplier Directory lists Medicare enrolled pharmacies and suppliers.</wsdl:documentation>
  <wsdl:types>
    <s:schema elementFormDefault="qualified" targetNamespace="http://www.webservicex.net/">
      <s:element name="GetSupplierByZipCode">
        <s:complexType>
          <s:sequence>
            <s:element minOccurs="0" maxOccurs="1" name="zip" type="s:string"/>
          </s:sequence>
        </s:complexType>
      </s:element>
      <s:element name="GetSupplierByZipCodeResponse">
        <s:complexType>
          <s:sequence>
            <s:element minOccurs="1" maxOccurs="1" name="GetSupplierByZipCodeResult" type="s:boolean"/>
            <s:element minOccurs="1" maxOccurs="1" name="SupplierDataLists" type="tns:SupplierDataList"/>
          </s:sequence>
        </s:complexType>
      </s:element>
      <s:complexType name="SupplierDataList">
        <s:sequence>
          <s:element minOccurs="0" maxOccurs="1" name="SupplierDatas" type="tns:ArrayOfSupplierData"/>
          <s:element minOccurs="1" maxOccurs="1" name="TotalRecords" type="s:int"/>
        </s:sequence>
      </s:complexType>
      <s:complexType name="ArrayOfSupplierData">
        <s:sequence>
          <s:element minOccurs="0" maxOccurs="unbounded" name="SupplierData" type="tns:SupplierData"/>
        </s:sequence>
      </s:complexType>
      <s:complexType name="SupplierData">
        <s:sequence>
          <s:element minOccurs="0" maxOccurs="1" name="SupplierNumber" type="s:string"/>
          <s:element minOccurs="0" maxOccurs="1" name="CompanyName" type="s:string"/>
          <s:element minOccurs="0" maxOccurs="1" name="Address1" type="s:string"/>
          <s:element minOccurs="0" maxOccurs="1" name="Address2" type="s:string"/>
          <s:element minOccurs="0" maxOccurs="1" name="City" type="s:string"/>
          <s:element minOccurs="0" maxOccurs="1" name="State" type="s:string"/>
          <s:element minOccurs="0" maxOccurs="1" name="Zip" type="s:string"/>
          <s:element minOccurs="0" maxOccurs="1" name="ZipPlus4" type="s:string"/>
          <s:element minOccurs="0" maxOccurs="1" name="Telephone" type="s:string"/>
          <s:element minOccurs="0" maxOccurs="1" name="Description" type="s:string"/>
          <s:element minOccurs="0" maxOccurs="1" name="IsSupplierParticipating" type="s:string"/>
        </s:sequence>
      </s:complexType>
      <s:element name="GetSupplierByCity">
        <s:complexType>
          <s:sequence>
            <s:element minOccurs="0" maxOccurs="1" name="City" type="s:string"/>
          </s:sequence>
        </s:complexType>
      </s:element>
      <s:element name="GetSupplierByCityResponse">
        <s:complexType>
          <s:sequence>
            <s:element minOccurs="1" maxOccurs="1" name="GetSupplierByCityResult" type="s:boolean"/>
            <s:element minOccurs="1" maxOccurs="1" name="SupplierDataLists" type="tns:SupplierDataList"/>
          </s:sequence>
        </s:complexType>
      </s:element>
      <s:element name="GetSupplierBySupplyType">
        <s:complexType>
          <s:sequence>
            <s:element minOccurs="0" maxOccurs="1" name="description" type="s:string"/>
          </s:sequence>
        </s:complexType>
      </s:element>
      <s:element name="GetSupplierBySupplyTypeResponse">
        <s:complexType>
          <s:sequence>
            <s:element minOccurs="1" maxOccurs="1" name="GetSupplierBySupplyTypeResult" type="s:boolean"/>
            <s:element minOccurs="1" maxOccurs="1" name="SupplierDataLists" type="tns:SupplierDataList"/>
          </s:sequence>
        </s:complexType>
      </s:element>
    </s:schema>
  </wsdl:types>
  <wsdl:message name="GetSupplierByZipCodeSoapIn">
    <wsdl:part name="parameters" element="tns:GetSupplierByZipCode"/>
  </wsdl:message>
  <wsdl:message name="GetSupplierByZipCodeSoapOut">
    <wsdl:part name="parameters" element="tns:GetSupplierByZipCodeResponse"/>
  </wsdl:message>
  <wsdl:message name="GetSupplierByCitySoapIn">
    <wsdl:part name="parameters" element="tns:GetSupplierByCity"/>
  </wsdl:message>
  <wsdl:message name="GetSupplierByCitySoapOut">
    <wsdl:part name="parameters" element="tns:GetSupplierByCityResponse"/>
  </wsdl:message>
  <wsdl:message name="GetSupplierBySupplyTypeSoapIn">
    <wsdl:part name="parameters" element="tns:GetSupplierBySupplyType"/>
  </wsdl:message>
  <wsdl:message name="GetSupplierBySupplyTypeSoapOut">
    <wsdl:part name="parameters" element="tns:GetSupplierBySupplyTypeResponse"/>
  </wsdl:message>
  <wsdl:portType name="MediCareSupplierSoap">
    <wsdl:operation name="GetSupplierByZipCode">
      <wsdl:documentation>Get Supplier details by Zip Code</wsdl:documentation>
      <wsdl:input message="tns:GetSupplierByZipCodeSoapIn"/>
      <wsdl:output message="tns:GetSupplierByZipCodeSoapOut"/>
    </wsdl:operation>
    <wsdl:operation name="GetSupplierByCity">
      <wsdl:documentation>Get Supplier details by City</wsdl:documentation>
      <wsdl:input message="tns:GetSupplierByCitySoapIn"/>
      <wsdl:output message="tns:GetSupplierByCitySoapOut"/>
    </wsdl:operation>
    <wsdl:operation name="GetSupplierBySupplyType">
      <wsdl:documentation>Get Supplier details by Supply Type</wsdl:documentation>
      <wsdl:input message="tns:GetSupplierBySupplyTypeSoapIn"/>
      <wsdl:output message="tns:GetSupplierBySupplyTypeSoapOut"/>
    </wsdl:operation>
  </wsdl:portType>
  <wsdl:portType name="MediCareSupplierHttpGet"/>
  <wsdl:portType name="MediCareSupplierHttpPost"/>
  <wsdl:binding name="MediCareSupplierSoap" type="tns:MediCareSupplierSoap">
    <soap:binding transport="http://schemas.xmlsoap.org/soap/http"/>
    <wsdl:operation name="GetSupplierByZipCode">
      <soap:operation soapAction="http://www.webservicex.net/GetSupplierByZipCode" style="document"/>
      <wsdl:input>
        <soap:body use="literal"/>
      </wsdl:input>
      <wsdl:output>
        <soap:body use="literal"/>
      </wsdl:output>
    </wsdl:operation>
    <wsdl:operation name="GetSupplierByCity">
      <soap:operation soapAction="http://www.webservicex.net/GetSupplierByCity" style="document"/>
      <wsdl:input>
        <soap:body use="literal"/>
      </wsdl:input>
      <wsdl:output>
        <soap:body use="literal"/>
      </wsdl:output>
    </wsdl:operation>
    <wsdl:operation name="GetSupplierBySupplyType">
      <soap:operation soapAction="http://www.webservicex.net/GetSupplierBySupplyType" style="document"/>
      <wsdl:input>
        <soap:body use="literal"/>
      </wsdl:input>
      <wsdl:output>
        <soap:body use="literal"/>
      </wsdl:output>
    </wsdl:operation>
  </wsdl:binding>
  <wsdl:binding name="MediCareSupplierSoap12" type="tns:MediCareSupplierSoap">
    <soap12:binding transport="http://schemas.xmlsoap.org/soap/http"/>
    <wsdl:operation name="GetSupplierByZipCode">
      <soap12:operation soapAction="http://www.webservicex.net/GetSupplierByZipCode" style="document"/>
      <wsdl:input>
        <soap12:body use="literal"/>
      </wsdl:input>
      <wsdl:output>
        <soap12:body use="literal"/>
      </wsdl:output>
    </wsdl:operation>
    <wsdl:operation name="GetSupplierByCity">
      <soap12:operation soapAction="http://www.webservicex.net/GetSupplierByCity" style="document"/>
      <wsdl:input>
        <soap12:body use="literal"/>
      </wsdl:input>
      <wsdl:output>
        <soap12:body use="literal"/>
      </wsdl:output>
    </wsdl:operation>
    <wsdl:operation name="GetSupplierBySupplyType">
      <soap12:operation soapAction="http://www.webservicex.net/GetSupplierBySupplyType" style="document"/>
      <wsdl:input>
        <soap12:body use="literal"/>
      </wsdl:input>
      <wsdl:output>
        <soap12:body use="literal"/>
      </wsdl:output>
    </wsdl:operation>
  </wsdl:binding>
  <wsdl:binding name="MediCareSupplierHttpGet" type="tns:MediCareSupplierHttpGet">
    <http:binding verb="GET"/>
  </wsdl:binding>
  <wsdl:binding name="MediCareSupplierHttpPost" type="tns:MediCareSupplierHttpPost">
    <http:binding verb="POST"/>
  </wsdl:binding>
  <wsdl:service name="MediCareSupplier">
    <wsdl:documentation>This section provides names, addresses, and contact information for suppliers that provide services or products under the Medicare program. A supplier is an individual or entity that has agreed to provide health care equipment, items, or services under Medicare. A supplier may provide items such as: Durable Medical Equipment (wheelchairs, walkers, oxygen), Prosthetics (artificial limb replacements or dentures) or Orthotics (mechanical devices used to assist in mobility or supplement the joints and limbs). In addition, a type of supplier can also be Pharmacy/Drug Stores and Optometry/Opticians.This Supplier Directory lists Medicare enrolled pharmacies and suppliers.</wsdl:documentation>
    <wsdl:port name="MediCareSupplierSoap" binding="tns:MediCareSupplierSoap">
      <soap:address location="http://www.webservicex.net/medicareSupplier.asmx"/>
    </wsdl:port>
    <wsdl:port name="MediCareSupplierSoap12" binding="tns:MediCareSupplierSoap12">
      <soap12:address location="http://www.webservicex.net/medicareSupplier.asmx"/>
    </wsdl:port>
    <wsdl:port name="MediCareSupplierHttpGet" binding="tns:MediCareSupplierHttpGet">
      <http:address location="http://www.webservicex.net/medicareSupplier.asmx"/>
    </wsdl:port>
    <wsdl:port name="MediCareSupplierHttpPost" binding="tns:MediCareSupplierHttpPost">
      <http:address location="http://www.webservicex.net/medicareSupplier.asmx"/>
    </wsdl:port>
  </wsdl:service>
</wsdl:definitions>]]></con:content><con:type>http://schemas.xmlsoap.org/wsdl/</con:type></con:part></con:definitionCache><con:endpoints><con:endpoint>http://www.webservicex.net/medicareSupplier.asmx</con:endpoint></con:endpoints><con:operation id="6d755931-087e-4a5d-ba52-3357ef726581" isOneWay="false" action="http://www.webservicex.net/GetSupplierByCity" name="GetSupplierByCity" bindingOperationName="GetSupplierByCity" type="Request-Response" inputName="" receivesAttachments="false" sendsAttachments="false" anonymous="optional"><con:settings/><con:call id="28c21b2f-2514-45bf-9e5f-e8e662133b01" name="Request 1"><con:settings/><con:encoding>UTF-8</con:encoding><con:endpoint>http://www.webservicex.net/medicareSupplier.asmx</con:endpoint><con:request><![CDATA[<soapenv:Envelope xmlns:soapenv="http://schemas.xmlsoap.org/soap/envelope/" xmlns:web="http://www.webservicex.net/">\r
   <soapenv:Header/>\r
   <soapenv:Body>\r
      <web:GetSupplierByCity>\r
         <!--Optional:-->\r
         <web:City>?</web:City>\r
      </web:GetSupplierByCity>\r
   </soapenv:Body>\r
</soapenv:Envelope>]]></con:request><con:wsaConfig mustUnderstand="NONE" version="200508" action="http://www.webservicex.net/GetSupplierByCity"/></con:call></con:operation><con:operation id="742587c4-5483-41e3-875b-e3c79db83f9f" isOneWay="false" action="http://www.webservicex.net/GetSupplierBySupplyType" name="GetSupplierBySupplyType" bindingOperationName="GetSupplierBySupplyType" type="Request-Response" inputName="" receivesAttachments="false" sendsAttachments="false" anonymous="optional"><con:settings/><con:call id="b1667056-d5d0-4ca1-be69-425fb9dbbdca" name="Request 1"><con:settings/><con:encoding>UTF-8</con:encoding><con:endpoint>http://www.webservicex.net/medicareSupplier.asmx</con:endpoint><con:request><![CDATA[<soapenv:Envelope xmlns:soapenv="http://schemas.xmlsoap.org/soap/envelope/" xmlns:web="http://www.webservicex.net/">\r
   <soapenv:Header/>\r
   <soapenv:Body>\r
      <web:GetSupplierBySupplyType>\r
         <!--Optional:-->\r
         <web:description>?</web:description>\r
      </web:GetSupplierBySupplyType>\r
   </soapenv:Body>\r
</soapenv:Envelope>]]></con:request><con:wsaConfig mustUnderstand="NONE" version="200508" action="http://www.webservicex.net/GetSupplierBySupplyType"/></con:call></con:operation><con:operation id="0ca91610-53fc-4f0d-98f0-168b14ffe130" isOneWay="false" action="http://www.webservicex.net/GetSupplierByZipCode" name="GetSupplierByZipCode" bindingOperationName="GetSupplierByZipCode" type="Request-Response" inputName="" receivesAttachments="false" sendsAttachments="false" anonymous="optional"><con:settings/><con:call id="5cd9ca4f-9d6c-4351-b44f-08154b477a46" name="Request 1"><con:settings/><con:encoding>UTF-8</con:encoding><con:endpoint>http://www.webservicex.net/medicareSupplier.asmx</con:endpoint><con:request><![CDATA[<soapenv:Envelope xmlns:soapenv="http://schemas.xmlsoap.org/soap/envelope/" xmlns:web="http://www.webservicex.net/">\r
   <soapenv:Header/>\r
   <soapenv:Body>\r
      <web:GetSupplierByZipCode>\r
         <!--Optional:-->\r
         <web:zip>?</web:zip>\r
      </web:GetSupplierByZipCode>\r
   </soapenv:Body>\r
</soapenv:Envelope>]]></con:request><con:wsaConfig mustUnderstand="NONE" version="200508" action="http://www.webservicex.net/GetSupplierByZipCode"/></con:call></con:operation></con:interface><con:testSuite id="d0d3a38a-8e58-4414-993b-8d9bd4a72cdc" name="MediCareSupplierSoap TestSuite"><con:settings/><con:runType>SEQUENTIAL</con:runType><con:testCase id="5dfd6ff5-02d1-4bef-a43b-14f3e7517142" failOnError="true" failTestCaseOnErrors="true" keepSession="false" maxResults="0" name="GetSupplierByCity TestCase" searchProperties="true"><con:settings/><con:testStep type="request" id="e17b0a90-14f7-4469-a880-a4b5ba0a80a5" name="GetSupplierByCity"><con:settings/><con:config xsi:type="con:RequestStep" xmlns:xsi="http://www.w3.org/2001/XMLSchema-instance"><con:interface>MediCareSupplierSoap</con:interface><con:operation>GetSupplierByCity</con:operation><con:request name="GetSupplierByCity" id="64c94074-8912-480c-ab0e-aa026d64b15f"><con:settings><con:setting id="com.eviware.soapui.impl.wsdl.WsdlRequest@request-headers">&lt;xml-fragment/></con:setting></con:settings><con:encoding>UTF-8</con:encoding><con:endpoint>http://www.webservicex.net/medicareSupplier.asmx</con:endpoint><con:request><![CDATA[<soapenv:Envelope xmlns:soapenv="http://schemas.xmlsoap.org/soap/envelope/" xmlns:web="http://www.webservicex.net/">\r
   <soapenv:Header/>\r
   <soapenv:Body>\r
      <web:GetSupplierByCity>\r
         <!--Optional:-->\r
         <web:City>california</web:City>\r
      </web:GetSupplierByCity>\r
   </soapenv:Body>\r
</soapenv:Envelope>]]></con:request><con:assertion type="Simple Contains" id="a6f6ad66-80ec-4a4a-8c27-dc58c33ed7e4" name="Contains"><con:configuration><token>CompanyName</token><ignoreCase>false</ignoreCase><useRegEx>false</useRegEx></con:configuration></con:assertion><con:assertion type="XPath Match" id="4a09f83e-4d79-4b54-bf02-fe95bb60472f" name="XPath Match"><con:configuration><path>declare namespace soap='http://schemas.xmlsoap.org/soap/envelope/';
declare namespace ns1='http://www.webservicex.net/';
//ns1:SupplierDatas</path><content><![CDATA[<SupplierDatas xmlns="http://www.webservicex.net/" xmlns:soap="http://schemas.xmlsoap.org/soap/envelope/" xmlns:xsi="http://www.w3.org/2001/XMLSchema-instance" xmlns:xsd="http://www.w3.org/2001/XMLSchema">
  <SupplierData>
    <SupplierNumber>0220300001</SupplierNumber>
    <CompanyName>REDSTONE PHARMACY</CompanyName>
    <Address1>322 3RD ST</Address1>
    <Address2/>
    <City>CALIFORNIA</City>
    <Zip>PA</Zip>
    <ZipPlus4>15419</ZipPlus4>
    <Telephone>1134</Telephone>
    <Description>(724)938-2395</Description>
    <IsSupplierParticipating>01</IsSupplierParticipating>
  </SupplierData>
  <SupplierData>
    <SupplierNumber>0220300001</SupplierNumber>
    <CompanyName>REDSTONE PHARMACY</CompanyName>
    <Address1>322 3RD ST</Address1>
    <Address2/>
    <City>CALIFORNIA</City>
    <Zip>PA</Zip>
    <ZipPlus4>15419</ZipPlus4>
    <Telephone>1134</Telephone>
    <Description>(724)938-2395</Description>
    <IsSupplierParticipating>04</IsSupplierParticipating>
  </SupplierData>
  <SupplierData>
    <SupplierNumber>0279611640</SupplierNumber>
    <CompanyName>WAL-MART STORES INC</CompanyName>
    <Address1>10750 THREE NOTCH RD</Address1>
    <Address2/>
    <City>CALIFORNIA</City>
    <Zip>MD</Zip>
    <ZipPlus4>20619</ZipPlus4>
    <Telephone/>
    <Description>(301)737-0611</Description>
    <IsSupplierParticipating>04</IsSupplierParticipating>
  </SupplierData>
  <SupplierData>
    <SupplierNumber>0288460001</SupplierNumber>
    <CompanyName>VISION HEALTH EYE CARE CENTER</CompanyName>
    <Address1>202 E NORTH ST</Address1>
    <Address2/>
    <City>CALIFORNIA</City>
    <Zip>MO</Zip>
    <ZipPlus4>65018</ZipPlus4>
    <Telephone>1583</Telephone>
    <Description>(573)796-2222</Description>
    <IsSupplierParticipating>05</IsSupplierParticipating>
  </SupplierData>
  <SupplierData>
    <SupplierNumber>0347220003</SupplierNumber>
    <CompanyName>EDWARD J SCHWARTZBERG OD PA</CompanyName>
    <Address1>23105 THREE NOTCH RD</Address1>
    <Address2>STE A</Address2>
    <City>CALIFORNIA</City>
    <Zip>MD</Zip>
    <ZipPlus4>20619</ZipPlus4>
    <Telephone>2408</Telephone>
    <Description>(301)863-7771</Description>
    <IsSupplierParticipating>05</IsSupplierParticipating>
  </SupplierData>
  <SupplierData>
    <SupplierNumber>0514201941</SupplierNumber>
    <CompanyName>RITE AID CORPORATION</CompanyName>
    <Address1>404 3RD ST</Address1>
    <Address2/>
    <City>CALIFORNIA</City>
    <Zip>PA</Zip>
    <ZipPlus4>15419</ZipPlus4>
    <Telephone>1105</Telephone>
    <Description>(412)938-3515</Description>
    <IsSupplierParticipating>04</IsSupplierParticipating>
  </SupplierData>
  <SupplierData>
    <SupplierNumber>0459230125</SupplierNumber>
    <CompanyName>PAMIDA INC</CompanyName>
    <Address1>1021 W BUCHANAN ST</Address1>
    <Address2/>
    <City>CALIFORNIA</City>
    <Zip>MO</Zip>
    <ZipPlus4>65018</ZipPlus4>
    <Telephone>1238</Telephone>
    <Description>(573)796-8002</Description>
    <IsSupplierParticipating>04</IsSupplierParticipating>
  </SupplierData>
  <SupplierData>
    <SupplierNumber>0503930084</SupplierNumber>
    <CompanyName>CVS OF MARYLAND INC</CompanyName>
    <Address1>22565 THREE NOTCH RD</Address1>
    <Address2/>
    <City>CALIFORNIA</City>
    <Zip>MD</Zip>
    <ZipPlus4>20619</ZipPlus4>
    <Telephone>3054</Telephone>
    <Description>(301)863-5992</Description>
    <IsSupplierParticipating>04</IsSupplierParticipating>
  </SupplierData>
  <SupplierData>
    <SupplierNumber>0640710376</SupplierNumber>
    <CompanyName>TARGET CORPORATION AND AFFILIATED COM</CompanyName>
    <Address1>45155 FIRST COLONY WAY</Address1>
    <Address2/>
    <City>CALIFORNIA</City>
    <Zip>MD</Zip>
    <ZipPlus4>20619</ZipPlus4>
    <Telephone>2416</Telephone>
    <Description>(301)862-5342</Description>
    <IsSupplierParticipating>04</IsSupplierParticipating>
  </SupplierData>
  <SupplierData>
    <SupplierNumber>1245170001</SupplierNumber>
    <CompanyName>BOND PHARMACY INC</CompanyName>
    <Address1>703 W BUCHANAN ST</Address1>
    <Address2/>
    <City>CALIFORNIA</City>
    <Zip>MO</Zip>
    <ZipPlus4>65018</ZipPlus4>
    <Telephone>1227</Telephone>
    <Description>(573)796-3145</Description>
    <IsSupplierParticipating>04</IsSupplierParticipating>
  </SupplierData>
  <SupplierData>
    <SupplierNumber>4081710149</SupplierNumber>
    <CompanyName>GIANT OF MARYLAND LLC</CompanyName>
    <Address1>45101 FIRST COLONY WAY</Address1>
    <Address2/>
    <City>CALIFORNIA</City>
    <Zip>MD</Zip>
    <ZipPlus4>20619</ZipPlus4>
    <Telephone>2416</Telephone>
    <Description>(240)725-5199</Description>
    <IsSupplierParticipating>04</IsSupplierParticipating>
  </SupplierData>
  <SupplierData>
    <SupplierNumber>4355051588</SupplierNumber>
    <CompanyName>WAL-MART STORES EAST LP</CompanyName>
    <Address1>107-50 THREE NOTCH RD</Address1>
    <Address2>#</Address2>
    <City>CALIFORNIA</City>
    <Zip>MD</Zip>
    <ZipPlus4>20619</ZipPlus4>
    <Telephone/>
    <Description>(301)737-0611</Description>
    <IsSupplierParticipating>04</IsSupplierParticipating>
  </SupplierData>
  <SupplierData>
    <SupplierNumber>4355051588</SupplierNumber>
    <CompanyName>WAL-MART STORES EAST LP</CompanyName>
    <Address1>107-50 THREE NOTCH RD</Address1>
    <Address2>#</Address2>
    <City>CALIFORNIA</City>
    <Zip>MD</Zip>
    <ZipPlus4>20619</ZipPlus4>
    <Telephone/>
    <Description>(301)737-0611</Description>
    <IsSupplierParticipating>05</IsSupplierParticipating>
  </SupplierData>
</SupplierDatas>]]></content><allowWildcards>false</allowWildcards><ignoreNamspaceDifferences>false</ignoreNamspaceDifferences><ignoreComments>false</ignoreComments></con:configuration></con:assertion><con:assertion type="XPath Match" id="8c1fac52-d456-456c-9dd2-459ae9338043" name="XPath Match 1"><con:configuration><path>declare namespace soap='http://schemas.xmlsoap.org/soap/envelope/';
declare namespace ns1='http://www.webservicex.net/';
count(//ns1:SupplierData)</path><content>13</content><allowWildcards>false</allowWildcards><ignoreNamspaceDifferences>false</ignoreNamspaceDifferences><ignoreComments>false</ignoreComments></con:configuration></con:assertion><con:assertion type="XPath Match" id="33beb755-3a8e-43b0-8991-7a65829b6aac" name="XPath Match 2"><con:configuration><path>declare namespace soap='http://schemas.xmlsoap.org/soap/envelope/';
declare namespace ns1='http://www.webservicex.net/';
//ns1:SupplierDataLists/ns1:SupplierDatas/ns1:SupplierData[3]/ns1:CompanyName/text()</path><content>WAL-MART STORES INC</content><allowWildcards>false</allowWildcards><ignoreNamspaceDifferences>false</ignoreNamspaceDifferences><ignoreComments>false</ignoreComments></con:configuration></con:assertion><con:assertion type="XQuery Match" id="53635a20-dd18-4cc8-88c7-e107c16fbeff" name="XQuery Match"><con:configuration><path>declare namespace soap='http://schemas.xmlsoap.org/soap/envelope/';
declare namespace ns1='http://www.webservicex.net/';
&lt;Result>
&lt;company>{data(//ns1:SupplierData[1]/ns1:CompanyName/text())}&lt;/company>
&lt;/Result></path><content>&lt;Result>
  &lt;company>REDSTONE PHARMACY&lt;/company>
&lt;/Result></content><allowWildcards>false</allowWildcards></con:configuration></con:assertion><con:assertion type="XQuery Match" id="ddd1b7b3-f667-4933-8cab-3f2762e03b7d" name="XQuery Match 1"><con:configuration><path>declare namespace soap='http://schemas.xmlsoap.org/soap/envelope/';
declare namespace ns1='http://www.webservicex.net/';
&lt;Result>
&lt;Company>{data(//ns1:SupplierData)}&lt;/Company>
&lt;/Result></path><content>&lt;Result>
  &lt;Company>0220300001
                  REDSTONE PHARMACY
                  322 3RD ST
                  
                  CALIFORNIA
                  PA
                  15419
                  1134
                  (724)938-2395
                  01
                
                  0220300001
                  REDSTONE PHARMACY
                  322 3RD ST
                  
                  CALIFORNIA
                  PA
                  15419
                  1134
                  (724)938-2395
                  04
                
                  0279611640
                  WAL-MART STORES INC
                  10750 THREE NOTCH RD
                  
                  CALIFORNIA
                  MD
                  20619
                  
                  (301)737-0611
                  04
                
                  0288460001
                  VISION HEALTH EYE CARE CENTER
                  202 E NORTH ST
                  
                  CALIFORNIA
                  MO
                  65018
                  1583
                  (573)796-2222
                  05
                
                  0347220003
                  EDWARD J SCHWARTZBERG OD PA
                  23105 THREE NOTCH RD
                  STE A
                  CALIFORNIA
                  MD
                  20619
                  2408
                  (301)863-7771
                  05
                
                  0514201941
                  RITE AID CORPORATION
                  404 3RD ST
                  
                  CALIFORNIA
                  PA
                  15419
                  1105
                  (412)938-3515
                  04
                
                  0459230125
                  PAMIDA INC
                  1021 W BUCHANAN ST
                  
                  CALIFORNIA
                  MO
                  65018
                  1238
                  (573)796-8002
                  04
                
                  0503930084
                  CVS OF MARYLAND INC
                  22565 THREE NOTCH RD
                  
                  CALIFORNIA
                  MD
                  20619
                  3054
                  (301)863-5992
                  04
                
                  0640710376
                  TARGET CORPORATION AND AFFILIATED COM
                  45155 FIRST COLONY WAY
                  
                  CALIFORNIA
                  MD
                  20619
                  2416
                  (301)862-5342
                  04
                
                  1245170001
                  BOND PHARMACY INC
                  703 W BUCHANAN ST
                  
                  CALIFORNIA
                  MO
                  65018
                  1227
                  (573)796-3145
                  04
                
                  4081710149
                  GIANT OF MARYLAND LLC
                  45101 FIRST COLONY WAY
                  
                  CALIFORNIA
                  MD
                  20619
                  2416
                  (240)725-5199
                  04
                
                  4355051588
                  WAL-MART STORES EAST LP
                  107-50 THREE NOTCH RD
                  #
                  CALIFORNIA
                  MD
                  20619
                  
                  (301)737-0611
                  04
                
                  4355051588
                  WAL-MART STORES EAST LP
                  107-50 THREE NOTCH RD
                  #
                  CALIFORNIA
                  MD
                  20619
                  
                  (301)737-0611
                  05&lt;/Company>
&lt;/Result></content><allowWildcards>false</allowWildcards></con:configuration></con:assertion><con:assertion type="XQuery Match" id="9f1ccc0d-dc0c-4ba1-8090-1951206fcce9" name="XQuery Match 2"><con:configuration><path>declare namespace soap='http://schemas.xmlsoap.org/soap/envelope/';
declare namespace ns1='http://www.webservicex.net/';
&lt;Result>
&lt;Company>{data(//ns1:SupplierNumber)}&lt;/Company>
&lt;/Result></path><content>&lt;Result>
  &lt;Company>0220300001 0220300001 0279611640 0288460001 0347220003 0514201941 0459230125 0503930084 0640710376 1245170001 4081710149 4355051588 4355051588&lt;/Company>
&lt;/Result></content><allowWildcards>false</allowWildcards></con:configuration></con:assertion><con:assertion type="XQuery Match" id="8c8e3268-f9be-49b4-9fef-b1c319637961" name="XQuery Match_functions"><con:configuration><path>declare namespace soap='http://schemas.xmlsoap.org/soap/envelope/';
declare namespace ns1='http://www.webservicex.net/';
&lt;Result>
{
for $x in //ns1:SupplierData
order by $x/ns1:SupplierNumber
return&lt;Supplier>{data($x/ns1:SupplierNumber)}{data($x/ns1:CompanyName)}&lt;/Supplier>
}
&lt;/Result></path><content><![CDATA[<Result>
  <Supplier>0220300001REDSTONE PHARMACY</Supplier>
  <Supplier>0220300001REDSTONE PHARMACY</Supplier>
  <Supplier>0279611640WAL-MART STORES INC</Supplier>
  <Supplier>0288460001VISION HEALTH EYE CARE CENTER</Supplier>
  <Supplier>0347220003EDWARD J SCHWARTZBERG OD PA</Supplier>
  <Supplier>0459230125PAMIDA INC</Supplier>
  <Supplier>0503930084CVS OF MARYLAND INC</Supplier>
  <Supplier>0514201941RITE AID CORPORATION</Supplier>
  <Supplier>0640710376TARGET CORPORATION AND AFFILIATED COM</Supplier>
  <Supplier>1245170001BOND PHARMACY INC</Supplier>
  <Supplier>4081710149GIANT OF MARYLAND LLC</Supplier>
  <Supplier>4355051588WAL-MART STORES EAST LP</Supplier>
  <Supplier>4355051588WAL-MART STORES EAST LP</Supplier>
</Result>]]></content><allowWildcards>false</allowWildcards></con:configuration></con:assertion><con:assertion type="XQuery Match" id="5019a339-7bf1-403f-bc7c-744efb2be714" name="XQuery Match 4"><con:configuration><path>declare namespace soap='http://schemas.xmlsoap.org/soap/envelope/';
declare namespace ns1='http://www.webservicex.net/';
&lt;Result>
{
for $x in //ns1:SupplierData
order by $x/ns1:SupplierNumber
return &lt;supplier>{data($x/ns1:SupplierNumber)}{data($x/ns1:CompanyName)}&lt;/supplier>
}
&lt;/Result></path><content><![CDATA[<Result>
  <supplier>0220300001REDSTONE PHARMACY</supplier>
  <supplier>0220300001REDSTONE PHARMACY</supplier>
  <supplier>0279611640WAL-MART STORES INC</supplier>
  <supplier>0288460001VISION HEALTH EYE CARE CENTER</supplier>
  <supplier>0347220003EDWARD J SCHWARTZBERG OD PA</supplier>
  <supplier>0459230125PAMIDA INC</supplier>
  <supplier>0503930084CVS OF MARYLAND INC</supplier>
  <supplier>0514201941RITE AID CORPORATION</supplier>
  <supplier>0640710376TARGET CORPORATION AND AFFILIATED COM</supplier>
  <supplier>1245170001BOND PHARMACY INC</supplier>
  <supplier>4081710149GIANT OF MARYLAND LLC</supplier>
  <supplier>4355051588WAL-MART STORES EAST LP</supplier>
  <supplier>4355051588WAL-MART STORES EAST LP</supplier>
</Result>]]></content><allowWildcards>false</allowWildcards></con:configuration></con:assertion><con:credentials><con:authType>No Authorization</con:authType></con:credentials><con:jmsConfig JMSDeliveryMode="PERSISTENT"/><con:jmsPropertyConfig/><con:wsaConfig action="http://www.webservicex.net/GetSupplierByCity" mustUnderstand="NONE" version="200508"/><con:wsrmConfig version="1.2"/></con:request></con:config></con:testStep><con:properties/></con:testCase><con:testCase id="ab2fe7b8-3d15-4d06-8d4c-f4b844ef24ab" failOnError="true" failTestCaseOnErrors="true" keepSession="false" maxResults="0" name="GetSupplierBySupplyType TestCase" searchProperties="true"><con:settings/><con:testStep type="request" id="4a61b526-1def-4511-8c39-257344466890" name="GetSupplierBySupplyType"><con:settings/><con:config xsi:type="con:RequestStep" xmlns:xsi="http://www.w3.org/2001/XMLSchema-instance"><con:interface>MediCareSupplierSoap</con:interface><con:operation>GetSupplierBySupplyType</con:operation><con:request name="GetSupplierBySupplyType" id="d856c2a6-7684-44e2-a9a5-aaab3707113f"><con:settings/><con:encoding>UTF-8</con:encoding><con:endpoint>http://www.webservicex.net/medicareSupplier.asmx</con:endpoint><con:request><![CDATA[<soapenv:Envelope xmlns:soapenv="http://schemas.xmlsoap.org/soap/envelope/" xmlns:web="http://www.webservicex.net/">\r
   <soapenv:Header/>\r
   <soapenv:Body>\r
      <web:GetSupplierBySupplyType>\r
         <!--Optional:-->\r
         <web:description>?</web:description>\r
      </web:GetSupplierBySupplyType>\r
   </soapenv:Body>\r
</soapenv:Envelope>]]></con:request><con:credentials><con:authType>No Authorization</con:authType></con:credentials><con:wsaConfig action="http://www.webservicex.net/GetSupplierBySupplyType"/></con:request></con:config></con:testStep><con:properties/></con:testCase><con:testCase id="7cd233df-a47c-4b91-9698-687064fca44c" failOnError="true" failTestCaseOnErrors="true" keepSession="false" maxResults="0" name="GetSupplierByZipCode TestCase" searchProperties="true"><con:settings/><con:testStep type="request" id="cf2f4576-c25b-45b9-9bd4-4b2bc7d7f57d" name="GetSupplierByZipCode"><con:settings/><con:config xsi:type="con:RequestStep" xmlns:xsi="http://www.w3.org/2001/XMLSchema-instance"><con:interface>MediCareSupplierSoap</con:interface><con:operation>GetSupplierByZipCode</con:operation><con:request name="GetSupplierByZipCode" id="3c86d2bd-201d-477e-9105-12941e04f8f6"><con:settings/><con:encoding>UTF-8</con:encoding><con:endpoint>http://www.webservicex.net/medicareSupplier.asmx</con:endpoint><con:request><![CDATA[<soapenv:Envelope xmlns:soapenv="http://schemas.xmlsoap.org/soap/envelope/" xmlns:web="http://www.webservicex.net/">\r
   <soapenv:Header/>\r
   <soapenv:Body>\r
      <web:GetSupplierByZipCode>\r
         <!--Optional:-->\r
         <web:zip>?</web:zip>\r
      </web:GetSupplierByZipCode>\r
   </soapenv:Body>\r
</soapenv:Envelope>]]></con:request><con:credentials><con:authType>No Authorization</con:authType></con:credentials><con:wsaConfig action="http://www.webservicex.net/GetSupplierByZipCode"/></con:request></con:config></con:testStep><con:properties/></con:testCase><con:properties/></con:testSuite><con:properties/><con:wssContainer/><con:oAuth2ProfileContainer/></con:soapui-project>